"","index","name","start","end","ave.score","most.freq.value.N"
"1",1,"CP068268_39050443_39150442",18200,21699,16.5714285714286,172
"2",2,"CP068268_39050443_39150442",23800,29399,13.7321428571429,172
"3",3,"CP068268_39050443_39150442",30800,41999,13.6875,172
"4",4,"CP068268_39050443_39150442",47600,60899,21.3233082706767,172
"5",5,"CP068268_39050443_39150442",70000,78399,16.1547619047619,172
"6",6,"CP068268_39050443_39150442",79100,85399,16.5555555555556,172
"7",7,"CP068268_39050443_39150442",86100,98699,14.5,172
